title,price,rating,colors,size,gender
T-shirt 2,1634400.0,3.95,3,M,Women
Hoodie 3,7950080.0,4.85,3,L,Unisex
Pants 4,7476960.0,3.35,3,XL,Men
Outerwear 5,5145440.0,3.55,3,XXL,Women
Jacket 6,2453920.0,3.35,3,S,Unisex
Crewneck 7,6892000.0,4.35,3,M,Men
T-shirt 8,7802560.0,3.15,3,L,Women
Hoodie 9,3972160.0,3.25,3,XL,Unisex
Pants 10,3100160.0,4.25,3,XXL,Men
Jacket 12,8527840.0,3.95,3,M,Unisex
Crewneck 13,5447200.0,3.25,3,L,Men
T-shirt 14,3248800.0,3.85,3,XL,Women
Hoodie 15,2184160.0,3.65,3,XXL,Unisex
Outerwear 17,841600.0,3.85,3,M,Women
Jacket 18,5500000.0,3.85,3,L,Unisex
Crewneck 19,1308960.0,3.65,3,XL,Men
T-shirt 20,1325600.0,3.45,3,XXL,Women
Pants 22,4319680.0,4.95,3,M,Men
Outerwear 23,4655840.0,3.75,3,L,Women
Jacket 24,8223520.0,3.95,3,XL,Unisex
Crewneck 25,8322559.999999999,3.35,3,XXL,Men
T-shirt 26,7292320.0,4.65,3,S,Women
Hoodie 27,3551840.0,4.85,3,M,Unisex
Pants 28,5216160.0,4.05,3,L,Men
Outerwear 29,861600.0,3.15,3,XL,Women
Jacket 30,8610240.0,3.75,3,XXL,Unisex
T-shirt 32,6657920.0,3.45,3,M,Women
Hoodie 33,7248160.0,3.55,3,L,Unisex
Pants 34,8362719.999999999,3.85,3,XL,Men
Outerwear 35,1356160.0,3.85,3,XXL,Women
Jacket 36,7249280.0,3.75,3,S,Unisex
Crewneck 37,6006080.0,4.05,3,M,Men
T-shirt 38,4866080.0,3.25,3,L,Women
Hoodie 39,6431200.0,4.65,3,XL,Unisex
Pants 40,5853600.0,3.15,3,XXL,Men
Jacket 42,6744160.0,3.75,3,M,Unisex
Crewneck 43,2909600.0,4.55,3,L,Men
T-shirt 44,3312320.0,3.05,3,XL,Women
Hoodie 45,8693120.0,4.55,3,XXL,Unisex
Outerwear 47,6364640.0,3.25,3,M,Women
Jacket 48,4994720.0,3.45,3,L,Unisex
Crewneck 49,1071200.0,4.05,3,XL,Men
T-shirt 50,5932960.0,3.15,3,XXL,Women
Pants 52,1596480.0,4.05,3,M,Men
Outerwear 53,4470880.0,4.35,3,L,Women
Jacket 54,854560.0,4.25,3,XL,Unisex
Crewneck 55,1793760.0,3.65,3,XXL,Men
T-shirt 56,4643040.0,3.85,3,S,Women
Hoodie 57,3155360.0,4.95,3,M,Unisex
Pants 58,1637760.0,4.45,3,L,Men
Outerwear 59,2254240.0,4.65,3,XL,Women
Jacket 60,3375520.0,4.25,3,XXL,Unisex
T-shirt 62,1376480.0,3.85,3,M,Women
Hoodie 63,6479200.0,3.65,3,L,Unisex
Pants 64,7728480.0,4.05,3,XL,Men
Outerwear 65,2385920.0,4.15,3,XXL,Women
Jacket 66,4353120.0,3.55,3,S,Unisex
Crewneck 67,8470720.0,3.55,3,M,Men
T-shirt 68,8025280.0,4.05,3,L,Women
Hoodie 69,1027839.9999999999,3.65,3,XL,Unisex
Pants 70,1171360.0,4.45,3,XXL,Men
Jacket 72,3776000.0,4.45,3,M,Unisex
Crewneck 73,2460320.0,3.05,3,L,Men
T-shirt 74,7704800.0,3.85,3,XL,Women
Hoodie 75,2101760.0,4.35,3,XXL,Unisex
Outerwear 77,861760.0,3.75,3,M,Women
Jacket 78,2716480.0,4.35,3,L,Unisex
Crewneck 79,3309600.0,4.65,3,XL,Men
T-shirt 80,4178399.9999999995,4.55,3,XXL,Women
Pants 82,8315520.0,4.85,3,M,Men
Outerwear 83,3947840.0,3.75,3,L,Women
Jacket 84,2826080.0,4.85,3,XL,Unisex
Crewneck 85,4564160.0,3.55,3,XXL,Men
T-shirt 86,1670880.0,3.95,3,S,Women
Hoodie 87,7870240.0,4.35,3,M,Unisex
Pants 88,7590400.0,3.15,3,L,Men
Outerwear 89,4856320.0,3.05,3,XL,Women
Jacket 90,7160000.0,4.05,3,XXL,Unisex
T-shirt 92,5012320.0,3.55,3,M,Women
Hoodie 93,1365280.0,3.65,3,L,Unisex
Pants 94,1074880.0,4.35,3,XL,Men
Outerwear 95,6062240.0,3.55,3,XXL,Women
Jacket 96,4598240.0,4.95,3,S,Unisex
Crewneck 97,6113120.0,3.95,3,M,Men
T-shirt 98,8596960.0,3.15,3,L,Women
Hoodie 99,5028000.0,3.65,3,XL,Unisex
Pants 100,2217280.0,4.65,3,XXL,Men
Jacket 102,3840640.0,3.35,3,M,Unisex
Crewneck 103,2331680.0,3.55,3,L,Men
T-shirt 104,2374400.0,3.85,3,XL,Women
Hoodie 105,5019840.0,4.25,3,XXL,Unisex
Outerwear 107,6625120.0,4.05,3,M,Women
Jacket 108,5551680.0,4.85,3,L,Unisex
Crewneck 109,5886880.0,3.35,3,XL,Men
T-shirt 110,7197120.0,4.65,3,XXL,Women
Pants 112,4261920.0,3.35,3,M,Men
Outerwear 113,4472000.0,3.75,3,L,Women
Jacket 114,5386560.0,4.95,3,XL,Unisex
Crewneck 115,1933280.0,4.55,3,XXL,Men
T-shirt 116,3474560.0,3.05,3,S,Women
Hoodie 117,3376320.0,5.05,3,M,Unisex
Pants 118,5585440.0,3.25,3,L,Men
Outerwear 119,3561760.0,3.45,3,XL,Women
Jacket 120,7480320.0,4.05,3,XXL,Unisex
T-shirt 122,1961920.0,3.65,3,M,Women
Hoodie 123,4498080.0,3.85,3,L,Unisex
Pants 124,7023520.0,3.25,3,XL,Men
Outerwear 125,6998240.0,4.25,3,XXL,Women
Jacket 126,4426080.0,3.95,3,S,Unisex
Crewneck 127,8311680.0,4.05,3,M,Men
T-shirt 128,4466720.0,3.85,3,L,Women
Hoodie 129,2532480.0,4.55,3,XL,Unisex
Pants 130,6603520.0,4.85,3,XXL,Men
Jacket 132,6474880.0,4.25,3,M,Unisex
Crewneck 133,2016320.0,4.75,3,L,Men
T-shirt 134,5937440.0,3.25,3,XL,Women
Hoodie 135,5141440.0,4.75,3,XXL,Unisex
Outerwear 137,6988320.0,4.55,3,M,Women
Jacket 138,4635520.0,3.45,3,L,Unisex
Crewneck 139,8053120.0,4.55,3,XL,Men
T-shirt 140,6811040.0,3.55,3,XXL,Women
Pants 142,2325280.0,4.95,3,M,Men
Outerwear 143,3346560.0,4.95,3,L,Women
Jacket 144,5758240.0,4.35,3,XL,Unisex
Crewneck 145,3472800.0,4.85,3,XXL,Men
T-shirt 146,7688640.0,4.35,3,S,Women
Hoodie 147,3052800.0,5.05,3,M,Unisex
Pants 148,6033440.0,4.75,3,L,Men
Outerwear 149,3105920.0,3.25,3,XL,Women
Jacket 150,1500640.0,3.65,3,XXL,Unisex
T-shirt 152,6288640.0,4.25,3,M,Women
Hoodie 153,2660640.0,4.35,3,L,Unisex
Pants 154,2337440.0,3.05,3,XL,Men
Outerwear 155,3783200.0,4.15,3,XXL,Women
Jacket 156,6645120.0,3.65,3,S,Unisex
Crewneck 157,1105760.0,4.05,3,M,Men
T-shirt 158,7321120.0,4.05,3,L,Women
Hoodie 159,2371680.0,4.95,3,XL,Unisex
Pants 160,2802880.0,3.45,3,XXL,Men
Jacket 162,1543840.0,4.55,3,M,Unisex
Crewneck 163,7861920.0,4.45,3,L,Men
T-shirt 164,3512000.0,3.95,3,XL,Women
Hoodie 165,6921280.0,4.95,3,XXL,Unisex
Outerwear 167,3273760.0,3.15,3,M,Women
Jacket 168,870400.0,4.45,3,L,Unisex
Crewneck 169,8032800.0,4.75,3,XL,Men
T-shirt 170,6677920.0,4.55,3,XXL,Women
Pants 172,1566080.0,4.95,3,M,Men
Outerwear 173,7034560.0,4.65,3,L,Women
Jacket 174,6282240.0,3.35,3,XL,Unisex
Crewneck 175,8125120.0,4.55,3,XXL,Men
T-shirt 176,6104320.0,3.65,3,S,Women
Hoodie 177,1890400.0,4.65,3,M,Unisex
Pants 178,6184160.0,3.05,3,L,Men
Outerwear 179,5816640.0,3.55,3,XL,Women
Jacket 180,5552640.0,3.95,3,XXL,Unisex
T-shirt 182,2334880.0,3.85,3,M,Women
Hoodie 183,3904640.0,3.65,3,L,Unisex
Pants 184,7759520.0,4.55,3,XL,Men
Outerwear 185,7822880.0,3.25,3,XXL,Women
Jacket 186,6940480.0,4.25,3,S,Unisex
Crewneck 187,6663520.0,3.85,3,M,Men
T-shirt 188,3927840.0,4.45,3,L,Women
Hoodie 189,1946720.0,4.05,3,XL,Unisex
Pants 190,2220960.0,4.55,3,XXL,Men
Jacket 192,5066240.0,3.85,3,M,Unisex
Crewneck 193,7355680.0,4.15,3,L,Men
T-shirt 194,2818720.0,4.95,3,XL,Women
Hoodie 195,7208960.0,4.95,3,XXL,Unisex
Outerwear 197,5681600.0,4.95,3,M,Women
Jacket 198,5435040.0,4.55,3,L,Unisex
Crewneck 199,6744320.0,3.15,3,XL,Men
T-shirt 200,6289920.0,3.55,3,XXL,Women
Pants 202,5592480.0,3.35,3,M,Men
Outerwear 203,2144000.0,3.45,3,L,Women
Jacket 204,6031040.0,3.95,3,XL,Unisex
Crewneck 205,6434880.0,3.25,3,XXL,Men
T-shirt 206,4674720.0,4.55,3,S,Women
Hoodie 207,6101440.0,3.55,3,M,Unisex
Pants 208,4637600.0,3.15,3,L,Men
Outerwear 209,7980640.0,4.35,3,XL,Women
Jacket 210,7827360.0,4.75,3,XXL,Unisex
T-shirt 212,8794880.0,4.75,3,M,Women
Hoodie 213,5748000.0,3.65,3,L,Unisex
Pants 214,4315680.0,4.95,3,XL,Men
Outerwear 215,1449600.0,3.85,3,XXL,Women
Jacket 216,4576480.0,4.65,3,S,Unisex
Crewneck 217,5772960.0,4.85,3,M,Men
T-shirt 218,5600320.0,3.15,3,L,Women
Hoodie 219,5671040.0,4.65,3,XL,Unisex
Pants 220,3357600.0,3.25,3,XXL,Men
Jacket 222,7438080.0,3.45,3,M,Unisex
Crewneck 223,952960.0,4.85,3,L,Men
T-shirt 224,3534560.0,4.55,3,XL,Women
Hoodie 225,5232800.0,3.55,3,XXL,Unisex
Outerwear 227,6742560.0,4.85,3,M,Women
Jacket 228,8076800.0,4.55,3,L,Unisex
Crewneck 229,3101920.0,4.95,3,XL,Men
T-shirt 230,7133280.0,4.55,3,XXL,Women
Pants 232,8327360.000000001,4.05,3,M,Men
Outerwear 233,847360.0,4.85,3,L,Women
Jacket 234,1159200.0,4.55,3,XL,Unisex
Crewneck 235,6560320.0,3.45,3,XXL,Men
T-shirt 236,5492320.0,3.95,3,S,Women
Hoodie 237,4743520.0,3.15,3,M,Unisex
Pants 238,8301920.0,3.85,3,L,Men
Outerwear 239,7934080.0,3.15,3,XL,Women
Jacket 240,7600000.0,3.85,3,XXL,Unisex
T-shirt 242,4833600.0,3.45,3,M,Women
Hoodie 243,3371680.0,3.15,3,L,Unisex
Pants 244,8116160.0,3.15,3,XL,Men
Outerwear 245,1451680.0,4.05,3,XXL,Women
Jacket 246,8735040.0,3.15,3,S,Unisex
Crewneck 247,8769120.0,3.05,3,M,Men
T-shirt 248,2280000.0,4.55,3,L,Women
Hoodie 249,2149440.0,4.25,3,XL,Unisex
Pants 250,4314240.0,3.15,3,XXL,Men
Jacket 252,8408480.0,3.25,3,M,Unisex
Crewneck 253,1854720.0,3.95,3,L,Men
T-shirt 254,5984160.0,3.95,3,XL,Women
Hoodie 255,3668000.0,4.15,3,XXL,Unisex
Outerwear 257,7073120.0,5.05,3,M,Women
Jacket 258,2080639.9999999998,4.75,3,L,Unisex
Crewneck 259,2275520.0,3.35,3,XL,Men
T-shirt 260,6271520.0,3.55,3,XXL,Women
Pants 262,1097760.0,3.45,3,M,Men
Outerwear 263,1878400.0,4.25,3,L,Women
Jacket 264,2063040.0,4.85,3,XL,Unisex
Crewneck 265,2483040.0,3.55,3,XXL,Men
T-shirt 266,4842080.0,4.65,3,S,Women
Hoodie 267,4086240.0,4.35,3,M,Unisex
Pants 268,5005120.0,3.65,3,L,Men
Outerwear 269,8073920.0,3.15,3,XL,Women
Jacket 270,2569120.0,4.25,3,XXL,Unisex
T-shirt 272,5811840.0,3.35,3,M,Women
Hoodie 273,5291360.0,4.95,3,L,Unisex
Pants 274,3669280.0,4.25,3,XL,Men
Outerwear 275,5575360.0,4.85,3,XXL,Women
Jacket 276,1013600.0,4.35,3,S,Unisex
Crewneck 277,2383680.0,4.75,3,M,Men
T-shirt 278,2087360.0000000002,3.85,3,L,Women
Hoodie 279,5592320.0,4.75,3,XL,Unisex
Pants 280,7501440.0,3.95,3,XXL,Men
Jacket 282,2227040.0,3.05,3,M,Unisex
Crewneck 283,6633120.0,3.25,3,L,Men
T-shirt 284,6568000.0,3.65,3,XL,Women
Hoodie 285,3009120.0,3.25,3,XXL,Unisex
Outerwear 287,5273600.0,3.75,3,M,Women
Jacket 288,3123040.0,4.15,3,L,Unisex
Crewneck 289,888000.0,4.05,3,XL,Men
T-shirt 290,6425120.0,4.25,3,XXL,Women
Pants 292,2384480.0,3.95,3,M,Men
Outerwear 293,1176160.0,4.55,3,L,Women
Jacket 294,5947200.0,3.85,3,XL,Unisex
Crewneck 295,7266720.0,4.95,3,XXL,Men
T-shirt 296,1172160.0,3.15,3,S,Women
Hoodie 297,7801120.0,3.65,3,M,Unisex
Pants 298,2426080.0,4.85,3,L,Men
Outerwear 299,1947840.0,4.35,3,XL,Women
Jacket 300,6408480.0,4.05,3,XXL,Unisex
T-shirt 302,5711200.0,3.25,3,M,Women
Hoodie 303,7974560.0,4.15,3,L,Unisex
Pants 304,7129760.0,3.45,3,XL,Men
Outerwear 305,6325440.0,4.55,3,XXL,Women
Jacket 306,7575040.0,4.25,3,S,Unisex
Crewneck 307,7735200.0,3.75,3,M,Men
T-shirt 308,4086080.0,4.15,3,L,Women
Hoodie 309,3953120.0,4.85,3,XL,Unisex
Pants 310,6329280.0,4.75,3,XXL,Men
Jacket 312,7267040.0,3.85,3,M,Unisex
Crewneck 313,1948320.0,3.15,3,L,Men
T-shirt 314,6017120.0,3.25,3,XL,Women
Hoodie 315,7022880.0,3.15,3,XXL,Unisex
Outerwear 317,5259040.0,3.35,3,M,Women
Jacket 318,5667200.0,3.75,3,L,Unisex
Crewneck 319,3085920.0,3.35,3,XL,Men
T-shirt 320,829440.0,3.35,3,XXL,Women
Pants 322,7810400.0,3.25,3,M,Men
Outerwear 323,8468000.0,3.15,3,L,Women
Jacket 324,6082720.0,3.35,3,XL,Unisex
Crewneck 325,3001760.0,3.45,3,XXL,Men
T-shirt 326,4519360.0,4.95,3,S,Women
Hoodie 327,6641440.0,4.45,3,M,Unisex
Pants 328,5732960.0,4.55,3,L,Men
Outerwear 329,6724160.0,4.75,3,XL,Women
Jacket 330,1591200.0,4.35,3,XXL,Unisex
T-shirt 332,2335680.0,3.45,3,M,Women
Hoodie 333,1746080.0,4.85,3,L,Unisex
Pants 334,2409440.0,3.85,3,XL,Men
Outerwear 335,2826720.0,3.05,3,XXL,Women
Jacket 336,6237760.0,5.05,3,S,Unisex
Crewneck 337,8608800.0,4.35,3,M,Men
T-shirt 338,2883360.0,3.95,3,L,Women
Hoodie 339,4424800.0,4.95,3,XL,Unisex
Pants 340,5975200.0,4.35,3,XXL,Men
Jacket 342,1827680.0,4.85,3,M,Unisex
Crewneck 343,2279040.0,4.15,3,L,Men
T-shirt 344,3415680.0,4.55,3,XL,Women
Hoodie 345,7577440.0,3.35,3,XXL,Unisex
Outerwear 347,6986080.0,4.75,3,M,Women
Jacket 348,3195040.0,4.65,3,L,Unisex
Crewneck 349,6085600.0,3.55,3,XL,Men
T-shirt 350,8047680.0,5.05,3,XXL,Women
Pants 352,2838880.0,4.05,3,M,Men
Outerwear 353,961600.0,3.65,3,L,Women
Jacket 354,2294720.0,3.85,3,XL,Unisex
Crewneck 355,4246560.0,3.25,3,XXL,Men
T-shirt 356,7150080.0,4.35,3,S,Women
Hoodie 357,3739360.0,3.65,3,M,Unisex
Pants 358,8479520.0,3.95,3,L,Men
Outerwear 359,1696480.0,4.35,3,XL,Women
Jacket 360,8788320.0,4.85,3,XXL,Unisex
T-shirt 362,4776800.0,5.05,3,M,Women
Hoodie 363,1171360.0,3.25,3,L,Unisex
Pants 364,4972800.0,4.85,3,XL,Men
Outerwear 365,6956480.0,4.55,3,XXL,Women
Jacket 366,5854880.0,4.95,3,S,Unisex
Crewneck 367,8359360.000000001,4.95,3,M,Men
T-shirt 368,965120.0,3.25,3,L,Women
Hoodie 369,7204960.0,4.75,3,XL,Unisex
Pants 370,4559680.0,3.65,3,XXL,Men
Jacket 372,5052960.0,3.65,3,M,Unisex
Crewneck 373,2231040.0,3.65,3,L,Men
T-shirt 374,7697120.0,3.95,3,XL,Women
Hoodie 375,7027520.0,3.95,3,XXL,Unisex
Outerwear 377,6802080.0,4.85,3,M,Women
Jacket 378,3402400.0,3.65,3,L,Unisex
Crewneck 379,3963200.0,4.45,3,XL,Men
T-shirt 380,2547040.0,3.85,3,XXL,Women
Pants 382,1356160.0,4.45,3,M,Men
Outerwear 383,3431040.0,3.45,3,L,Women
Jacket 384,1452960.0,3.35,3,XL,Unisex
Crewneck 385,7950720.0,4.95,3,XXL,Men
T-shirt 386,4793600.0,4.65,3,S,Women
Hoodie 387,8418080.0,4.25,3,M,Unisex
Pants 388,931200.0,3.15,3,L,Men
Outerwear 389,2883200.0,5.05,3,XL,Women
Jacket 390,5432960.0,3.35,3,XXL,Unisex
T-shirt 392,1226080.0,4.45,3,M,Women
Hoodie 393,4068480.0,3.25,3,L,Unisex
Pants 394,3540000.0,3.35,3,XL,Men
Outerwear 395,3098720.0,4.05,3,XXL,Women
Jacket 396,2505280.0,3.95,3,S,Unisex
Crewneck 397,855360.0,3.65,3,M,Men
T-shirt 398,4592800.0,4.75,3,L,Women
Hoodie 399,2523520.0,3.65,3,XL,Unisex
Pants 400,6020640.0,4.75,3,XXL,Men
Jacket 402,2029120.0,4.65,3,M,Unisex
Crewneck 403,1580320.0,4.15,3,L,Men
T-shirt 404,3501120.0,4.95,3,XL,Women
Hoodie 405,5080160.0,3.85,3,XXL,Unisex
Outerwear 407,2761280.0,3.75,3,M,Women
Jacket 408,4176000.0,4.95,3,L,Unisex
Crewneck 409,3221760.0,3.55,3,XL,Men
T-shirt 410,1586720.0,3.15,3,XXL,Women
Pants 412,5438240.0,4.45,3,M,Men
Outerwear 413,1306400.0,3.45,3,L,Women
Jacket 414,2234720.0,3.75,3,XL,Unisex
Crewneck 415,3617440.0,3.15,3,XXL,Men
T-shirt 416,4454080.0,3.15,3,S,Women
Hoodie 417,2769440.0,4.65,3,M,Unisex
Pants 418,6307840.0,5.05,3,L,Men
Outerwear 419,7004000.0,5.05,3,XL,Women
Jacket 420,2472640.0,3.15,3,XXL,Unisex
T-shirt 422,924320.0,3.95,3,M,Women
Hoodie 423,4601760.0,3.75,3,L,Unisex
Pants 424,3865760.0,4.45,3,XL,Men
Outerwear 425,2528480.0,4.85,3,XXL,Women
Jacket 426,3462400.0,3.45,3,S,Unisex
Crewneck 427,6375200.0,3.35,3,M,Men
T-shirt 428,7053120.0,4.95,3,L,Women
Hoodie 429,1658560.0,4.95,3,XL,Unisex
Pants 430,1442080.0,3.95,3,XXL,Men
Jacket 432,2151840.0,4.55,3,M,Unisex
Crewneck 433,3872480.0,4.25,3,L,Men
T-shirt 434,6557120.0,4.95,3,XL,Women
Hoodie 435,1015680.0,4.05,3,XXL,Unisex
Outerwear 437,1016800.0,3.95,3,M,Women
Jacket 438,2453120.0,4.55,3,L,Unisex
Crewneck 439,4005440.0,3.25,3,XL,Men
T-shirt 440,5326080.0,3.05,3,XXL,Women
Pants 442,4701600.0,4.35,3,M,Men
Outerwear 443,7262720.0,4.25,3,L,Women
Jacket 444,4016960.0,3.35,3,XL,Unisex
Crewneck 445,3574240.0,4.55,3,XXL,Men
T-shirt 446,7740160.0,3.25,3,S,Women
Hoodie 447,4748640.0,4.05,3,M,Unisex
Pants 448,820160.0,4.45,3,L,Men
Outerwear 449,6410080.0,4.05,3,XL,Women
Jacket 450,8754880.0,3.15,3,XXL,Unisex
T-shirt 452,6892800.0,4.45,3,M,Women
Hoodie 453,6576960.0,4.25,3,L,Unisex
Pants 454,2179520.0,5.05,3,XL,Men
Outerwear 455,1094080.0,4.85,3,XXL,Women
Jacket 456,8096000.0,4.15,3,S,Unisex
Crewneck 457,7342880.0,4.85,3,M,Men
T-shirt 458,4240000.0,4.45,3,L,Women
Hoodie 459,3237280.0,3.55,3,XL,Unisex
Pants 460,1880800.0,3.65,3,XXL,Men
Jacket 462,6767840.0,4.55,3,M,Unisex
Crewneck 463,7539520.0,4.55,3,L,Men
T-shirt 464,6070080.0,4.55,3,XL,Women
Hoodie 465,6164320.0,4.75,3,XXL,Unisex
Outerwear 467,1325920.0,3.55,3,M,Women
Jacket 468,4584960.0,3.75,3,L,Unisex
Crewneck 469,1738880.0,4.25,3,XL,Men
T-shirt 470,7738880.0,3.15,3,XXL,Women
Pants 472,3902080.0,3.15,3,M,Men
Outerwear 473,5478080.0,4.25,3,L,Women
Jacket 474,5864960.0,4.75,3,XL,Unisex
Crewneck 475,7017280.0,4.65,3,XXL,Men
T-shirt 476,3986240.0,4.35,3,S,Women
Hoodie 477,6626080.0,4.25,3,M,Unisex
Pants 478,4912000.0,3.85,3,L,Men
Outerwear 479,7302400.0,4.45,3,XL,Women
Jacket 480,4986240.0,4.25,3,XXL,Unisex
T-shirt 482,3352480.0,4.85,3,M,Women
Hoodie 483,4035040.0,4.25,3,L,Unisex
Pants 484,6428640.0,4.15,3,XL,Men
Outerwear 485,4044480.0,4.75,3,XXL,Women
Jacket 486,2573760.0,3.05,3,S,Unisex
Crewneck 487,6955520.0,3.75,3,M,Men
T-shirt 488,8789760.0,3.85,3,L,Women
Hoodie 489,3554560.0,5.05,3,XL,Unisex
Pants 490,7081600.0,3.15,3,XXL,Men
Jacket 492,6011840.0,3.05,3,M,Unisex
Crewneck 493,5071520.0,4.85,3,L,Men
T-shirt 494,1390080.0,3.45,3,XL,Women
Hoodie 495,1663200.0,4.55,3,XXL,Unisex
Outerwear 497,3957760.0,4.45,3,M,Women
Jacket 498,4412800.0,4.65,3,L,Unisex
Crewneck 499,7825920.0,4.15,3,XL,Men
T-shirt 500,8114400.0,4.25,3,XXL,Women
Pants 502,7132480.0,4.45,3,M,Men
Outerwear 503,4924480.0,4.85,3,L,Women
Jacket 504,8024480.0,5.05,3,XL,Unisex
Crewneck 505,8747680.0,4.35,3,XXL,Men
T-shirt 506,8572000.0,3.65,3,S,Women
Hoodie 507,6844000.0,4.75,3,M,Unisex
Pants 508,7766080.0,3.55,3,L,Men
Outerwear 509,7178400.0,3.15,3,XL,Women
Jacket 510,1562080.0,3.45,3,XXL,Unisex
T-shirt 512,4319680.0,3.75,3,M,Women
Hoodie 513,1693760.0,4.45,3,L,Unisex
Pants 514,6888960.0,3.95,3,XL,Men
Outerwear 515,7262560.0,3.15,3,XXL,Women
Jacket 516,7130720.0,3.45,3,S,Unisex
Crewneck 517,1069280.0,3.55,3,M,Men
T-shirt 518,2575680.0,4.15,3,L,Women
Hoodie 519,2236160.0,4.55,3,XL,Unisex
Pants 520,2308320.0,3.85,3,XXL,Men
Jacket 522,6292960.0,4.05,3,M,Unisex
Crewneck 523,3626720.0,4.65,3,L,Men
T-shirt 524,936000.0,3.85,3,XL,Women
Hoodie 525,7919040.0,3.65,3,XXL,Unisex
Outerwear 527,4669280.0,3.65,3,M,Women
Jacket 528,5595840.0,4.05,3,L,Unisex
Crewneck 529,1420160.0,3.25,3,XL,Men
T-shirt 530,6173760.0,3.35,3,XXL,Women
Pants 532,8391200.0,4.15,3,M,Men
Outerwear 533,3370240.0,4.25,3,L,Women
Jacket 534,3479200.0,3.75,3,XL,Unisex
Crewneck 535,3901280.0,3.75,3,XXL,Men
T-shirt 536,5092480.0,3.05,3,S,Women
Hoodie 537,8671840.0,3.15,3,M,Unisex
Pants 538,6134240.0,3.45,3,L,Men
Outerwear 539,4692640.0,4.75,3,XL,Women
Jacket 540,7051840.0,4.45,3,XXL,Unisex
T-shirt 542,4761440.0,3.55,3,M,Women
Hoodie 543,8715680.0,4.75,3,L,Unisex
Pants 544,5957760.0,3.15,3,XL,Men
Outerwear 545,3579360.0,4.05,3,XXL,Women
Jacket 546,6271520.0,3.35,3,S,Unisex
Crewneck 547,5361120.0,3.95,3,M,Men
T-shirt 548,2686240.0,4.65,3,L,Women
Hoodie 549,2687200.0,3.75,3,XL,Unisex
Pants 550,4450080.0,4.95,3,XXL,Men
Jacket 552,5380320.0,4.15,3,M,Unisex
Crewneck 553,7760800.0,3.85,3,L,Men
T-shirt 554,4001120.0,4.55,3,XL,Women
Hoodie 555,1809600.0,3.05,3,XXL,Unisex
Outerwear 557,5460480.0,3.45,3,M,Women
Jacket 558,5007040.0,4.05,3,L,Unisex
Crewneck 559,1590880.0,3.55,3,XL,Men
T-shirt 560,6885280.0,4.25,3,XXL,Women
Pants 562,3724160.0,4.55,3,M,Men
Outerwear 563,8197440.000000001,4.75,3,L,Women
Jacket 564,8319200.000000001,4.35,3,XL,Unisex
Crewneck 565,7635200.0,3.55,3,XXL,Men
T-shirt 566,2611360.0,4.65,3,S,Women
Hoodie 567,4576160.0,3.25,3,M,Unisex
Pants 568,2984160.0,3.35,3,L,Men
Outerwear 569,4966880.0,4.75,3,XL,Women
Jacket 570,4000960.0,3.95,3,XXL,Unisex
T-shirt 572,4756320.0,3.25,3,M,Women
Hoodie 573,6954080.0,4.55,3,L,Unisex
Pants 574,2424000.0,3.85,3,XL,Men
Outerwear 575,3517760.0,3.45,3,XXL,Women
Jacket 576,805600.0,3.55,3,S,Unisex
Crewneck 577,7873920.0,3.35,3,M,Men
T-shirt 578,7958880.0,4.15,3,L,Women
Hoodie 579,4428640.0,4.45,3,XL,Unisex
Pants 580,2625440.0,3.35,3,XXL,Men
Jacket 582,4112160.0,4.15,3,M,Unisex
Crewneck 583,5737760.0,4.55,3,L,Men
T-shirt 584,6964960.0,4.85,3,XL,Women
Hoodie 585,6186880.0,4.95,3,XXL,Unisex
Outerwear 587,4424960.0,4.45,3,M,Women
Jacket 588,4963040.0,4.75,3,L,Unisex
Crewneck 589,931840.0,4.75,3,XL,Men
T-shirt 590,6457120.0,3.95,3,XXL,Women
Pants 592,6805440.0,4.35,3,M,Men
Outerwear 593,7163840.0,3.95,3,L,Women
Jacket 594,8707680.0,4.25,3,XL,Unisex
Crewneck 595,3723840.0,3.55,3,XXL,Men
T-shirt 596,8290400.0,4.45,3,S,Women
Hoodie 597,7969440.0,3.35,3,M,Unisex
Pants 598,4714080.0,4.15,3,L,Men
Outerwear 599,1179040.0,3.35,3,XL,Women
Jacket 600,6414080.0,3.05,3,XXL,Unisex
T-shirt 602,2260960.0,4.45,3,M,Women
Hoodie 603,7511520.0,3.15,3,L,Unisex
Pants 604,7662240.0,4.35,3,XL,Men
Outerwear 605,1710720.0,3.75,3,XXL,Women
Jacket 606,5770720.0,4.65,3,S,Unisex
Crewneck 607,3857600.0,3.15,3,M,Men
T-shirt 608,7047840.0,4.65,3,L,Women
Hoodie 609,2956320.0,4.15,3,XL,Unisex
Pants 610,4515360.0,3.35,3,XXL,Men
Jacket 612,3202720.0,3.15,3,M,Unisex
Crewneck 613,1013920.0,3.65,3,L,Men
T-shirt 614,2428160.0,3.15,3,XL,Women
Hoodie 615,4798720.0,4.85,3,XXL,Unisex
Outerwear 617,1765920.0,4.35,3,M,Women
Jacket 618,6474080.0,3.35,3,L,Unisex
Crewneck 619,8340639.999999999,4.45,3,XL,Men
T-shirt 620,2270240.0,3.35,3,XXL,Women
Pants 622,4849600.0,3.55,3,M,Men
Outerwear 623,7299520.0,4.65,3,L,Women
Jacket 624,6943200.0,3.95,3,XL,Unisex
Crewneck 625,7826400.0,4.15,3,XXL,Men
T-shirt 626,7777440.0,4.55,3,S,Women
Hoodie 627,1232320.0,3.25,3,M,Unisex
Pants 628,8113120.0,4.35,3,L,Men
Outerwear 629,3997920.0,4.45,3,XL,Women
Jacket 630,1003680.0,3.85,3,XXL,Unisex
T-shirt 632,4314240.0,3.65,3,M,Women
Hoodie 633,3128000.0,3.15,3,L,Unisex
Pants 634,8535680.0,3.95,3,XL,Men
Outerwear 635,6897120.0,4.15,3,XXL,Women
Jacket 636,3476320.0,4.55,3,S,Unisex
Crewneck 637,6030240.0,4.05,3,M,Men
T-shirt 638,5220960.0,4.65,3,L,Women
Hoodie 639,6782720.0,4.75,3,XL,Unisex
Pants 640,3038560.0,3.85,3,XXL,Men
Jacket 642,7747360.0,4.75,3,M,Unisex
Crewneck 643,6116000.0,3.25,3,L,Men
T-shirt 644,7479360.0,4.25,3,XL,Women
Hoodie 645,3285440.0,3.35,3,XXL,Unisex
Outerwear 647,4304960.0,3.85,3,M,Women
Jacket 648,8699520.0,4.55,3,L,Unisex
Crewneck 649,8588160.0,3.25,3,XL,Men
T-shirt 650,8012800.0,3.45,3,XXL,Women
Pants 652,6084960.0,3.35,3,M,Men
Outerwear 653,2622080.0,4.05,3,L,Women
Jacket 654,4089440.0,4.75,3,XL,Unisex
Crewneck 655,1834240.0,4.15,3,XXL,Men
T-shirt 656,2538720.0,4.25,3,S,Women
Hoodie 657,8459040.0,4.85,3,M,Unisex
Pants 658,6268320.0,3.85,3,L,Men
Outerwear 659,1817920.0,3.35,3,XL,Women
Jacket 660,8715200.0,3.55,3,XXL,Unisex
T-shirt 662,1422720.0,4.55,3,M,Women
Hoodie 663,7087200.0,4.05,3,L,Unisex
Pants 664,8248639.999999999,3.55,3,XL,Men
Outerwear 665,4033600.0,3.25,3,XXL,Women
Jacket 666,4844000.0,3.95,3,S,Unisex
Crewneck 667,1756640.0,3.75,3,M,Men
T-shirt 668,5044640.0,3.75,3,L,Women
Hoodie 669,2346080.0,3.35,3,XL,Unisex
Pants 670,8406720.0,4.85,3,XXL,Men
Jacket 672,4776160.0,4.55,3,M,Unisex
Crewneck 673,2803360.0,4.75,3,L,Men
T-shirt 674,3156640.0,3.15,3,XL,Women
Hoodie 675,4314880.0,3.25,3,XXL,Unisex
Outerwear 677,4657440.0,3.35,3,M,Women
Jacket 678,2777120.0,4.35,3,L,Unisex
Crewneck 679,6373120.0,3.25,3,XL,Men
T-shirt 680,8164800.0,3.25,3,XXL,Women
Pants 682,7616480.0,3.95,3,M,Men
Outerwear 683,3907360.0,3.65,3,L,Women
Jacket 684,7102560.0,3.55,3,XL,Unisex
Crewneck 685,1495840.0,4.65,3,XXL,Men
T-shirt 686,5381760.0,3.85,3,S,Women
Hoodie 687,4220800.0,4.75,3,M,Unisex
Pants 688,1487520.0,4.45,3,L,Men
Outerwear 689,1939040.0,4.65,3,XL,Women
Jacket 690,8782560.0,4.75,3,XXL,Unisex
T-shirt 692,1416480.0,4.15,3,M,Women
Hoodie 693,3031680.0,4.15,3,L,Unisex
Pants 694,2466720.0,3.45,3,XL,Men
Outerwear 695,959360.0,3.35,3,XXL,Women
Jacket 696,5146240.0,4.25,3,S,Unisex
Crewneck 697,6545120.0,5.05,3,M,Men
T-shirt 698,2444960.0,4.15,3,L,Women
Hoodie 699,5250240.0,4.55,3,XL,Unisex
Pants 700,3526560.0,4.35,3,XXL,Men
Jacket 702,4927680.0,4.35,3,M,Unisex
Crewneck 703,2949120.0,4.25,3,L,Men
T-shirt 704,6214240.0,4.15,3,XL,Women
Hoodie 705,3042880.0,3.15,3,XXL,Unisex
Outerwear 707,7746240.0,4.45,3,M,Women
Jacket 708,8541280.0,4.35,3,L,Unisex
Crewneck 709,7022400.0,3.95,3,XL,Men
T-shirt 710,3751520.0,3.25,3,XXL,Women
Pants 712,1510400.0,4.15,3,M,Men
Outerwear 713,3142880.0,4.45,3,L,Women
Jacket 714,892320.0,3.15,3,XL,Unisex
Crewneck 715,7021760.0,3.95,3,XXL,Men
T-shirt 716,3602560.0,4.95,3,S,Women
Hoodie 717,1532800.0,3.65,3,M,Unisex
Pants 718,4057120.0,3.25,3,L,Men
Outerwear 719,3172960.0,4.75,3,XL,Women
Jacket 720,2028320.0,3.85,3,XXL,Unisex
T-shirt 722,8724320.0,3.25,3,M,Women
Hoodie 723,5664800.0,3.45,3,L,Unisex
Pants 724,4824800.0,4.75,3,XL,Men
Outerwear 725,4979200.0,3.05,3,XXL,Women
Jacket 726,6345920.0,3.55,3,S,Unisex
Crewneck 727,4024000.0,4.85,3,M,Men
T-shirt 728,8173440.0,3.05,3,L,Women
Hoodie 729,6431360.0,3.65,3,XL,Unisex
Pants 730,7228800.0,4.55,3,XXL,Men
Jacket 732,6597600.0,3.95,3,M,Unisex
Crewneck 733,1162880.0,4.75,3,L,Men
T-shirt 734,6858560.0,4.25,3,XL,Women
Hoodie 735,4664320.0,4.05,3,XXL,Unisex
Outerwear 737,1015680.0,4.75,3,M,Women
Jacket 738,1893920.0,3.75,3,L,Unisex
Crewneck 739,8072960.0,3.35,3,XL,Men
T-shirt 740,7016640.0,3.45,3,XXL,Women
Pants 742,5626080.0,3.65,3,M,Men
Outerwear 743,5678080.0,3.05,3,L,Women
Jacket 744,5175680.0,4.15,3,XL,Unisex
Crewneck 745,2882560.0,3.85,3,XXL,Men
T-shirt 746,1517440.0,5.05,3,S,Women
Hoodie 747,6326880.0,4.75,3,M,Unisex
Pants 748,3134080.0,3.75,3,L,Men
Outerwear 749,2627360.0,3.25,3,XL,Women
Jacket 750,1030400.0000000001,3.75,3,XXL,Unisex
T-shirt 752,7431520.0,3.85,3,M,Women
Hoodie 753,8137600.0,4.85,3,L,Unisex
Pants 754,7229760.0,3.15,3,XL,Men
Outerwear 755,6910400.0,4.65,3,XXL,Women
Jacket 756,7128000.0,3.15,3,S,Unisex
Crewneck 757,7582720.0,4.45,3,M,Men
T-shirt 758,6025920.0,3.15,3,L,Women
Hoodie 759,2779840.0,4.75,3,XL,Unisex
Pants 760,2191040.0,4.15,3,XXL,Men
Jacket 762,4091840.0,4.95,3,M,Unisex
Crewneck 763,5792640.0,3.95,3,L,Men
T-shirt 764,7211680.0,3.45,3,XL,Women
Hoodie 765,1343360.0,4.95,3,XXL,Unisex
Outerwear 767,4152800.0,4.55,3,M,Women
Jacket 768,5662080.0,4.95,3,L,Unisex
Crewneck 769,6294560.0,3.35,3,XL,Men
T-shirt 770,1655040.0,3.55,3,XXL,Women
Pants 772,8748160.0,3.45,3,M,Men
Outerwear 773,3393600.0,3.25,3,L,Women
Jacket 774,1485760.0,4.15,3,XL,Unisex
Crewneck 775,8189440.0,3.15,3,XXL,Men
T-shirt 776,5333120.0,3.75,3,S,Women
Hoodie 777,6104800.0,3.45,3,M,Unisex
Pants 778,6034720.0,4.25,3,L,Men
Outerwear 779,5816480.0,3.25,3,XL,Women
Jacket 780,2767520.0,3.45,3,XXL,Unisex
T-shirt 782,4117439.9999999995,4.55,3,M,Women
Hoodie 783,2510720.0,3.05,3,L,Unisex
Pants 784,5341280.0,3.05,3,XL,Men
Outerwear 785,6444480.0,4.35,3,XXL,Women
Jacket 786,6749280.0,5.05,3,S,Unisex
Crewneck 787,4593600.0,4.75,3,M,Men
T-shirt 788,3041120.0,4.75,3,L,Women
Hoodie 789,2153280.0,4.05,3,XL,Unisex
Pants 790,1708320.0,3.25,3,XXL,Men
Jacket 792,4068960.0,3.85,3,M,Unisex
Crewneck 793,8650080.0,4.05,3,L,Men
T-shirt 794,5983040.0,4.05,3,XL,Women
Hoodie 795,4209600.0,3.95,3,XXL,Unisex
Outerwear 797,2771360.0,4.95,3,M,Women
Jacket 798,4391040.0,3.45,3,L,Unisex
Crewneck 799,4048800.0,4.25,3,XL,Men
T-shirt 800,7433280.0,4.65,3,XXL,Women
Pants 802,5710240.0,4.45,3,M,Men
Outerwear 803,1875360.0,4.35,3,L,Women
Jacket 804,4459040.0,3.95,3,XL,Unisex
Crewneck 805,3266720.0,4.85,3,XXL,Men
T-shirt 806,7310560.0,3.05,3,S,Women
Hoodie 807,5016000.0,4.75,3,M,Unisex
Pants 808,8717760.0,3.25,3,L,Men
Outerwear 809,7162560.0,3.75,3,XL,Women
Jacket 810,3796640.0,4.85,3,XXL,Unisex
T-shirt 812,6406080.0,4.25,3,M,Women
Hoodie 813,4872800.0,5.05,3,L,Unisex
Pants 814,1110080.0,4.75,3,XL,Men
Outerwear 815,5985440.0,4.85,3,XXL,Women
Jacket 816,1649120.0,4.55,3,S,Unisex
Crewneck 817,8744160.0,4.45,3,M,Men
T-shirt 818,5160320.0,3.85,3,L,Women
Hoodie 819,4742400.0,4.75,3,XL,Unisex
Pants 820,6030720.0,3.45,3,XXL,Men
Jacket 822,838240.0,4.25,3,M,Unisex
Crewneck 823,6103520.0,4.75,3,L,Men
T-shirt 824,3301440.0,4.15,3,XL,Women
Hoodie 825,1058400.0,3.85,3,XXL,Unisex
Outerwear 827,7091040.0,4.85,3,M,Women
Jacket 828,2324000.0,4.65,3,L,Unisex
Crewneck 829,4630400.0,4.45,3,XL,Men
T-shirt 830,4496480.0,3.05,3,XXL,Women
Pants 832,3955360.0,4.65,3,M,Men
Outerwear 833,7101280.0,3.05,3,L,Women
Jacket 834,7223680.0,3.15,3,XL,Unisex
Crewneck 835,7143360.0,3.95,3,XXL,Men
T-shirt 836,6065440.0,4.15,3,S,Women
Hoodie 837,5532640.0,5.05,3,M,Unisex
Pants 838,2848800.0,3.15,3,L,Men
Outerwear 839,4208320.0,3.95,3,XL,Women
Jacket 840,8164640.0,3.65,3,XXL,Unisex
T-shirt 842,2859040.0,3.35,3,M,Women
Hoodie 843,2997120.0,3.65,3,L,Unisex
Pants 844,7422880.0,3.95,3,XL,Men
Outerwear 845,2023200.0,3.25,3,XXL,Women
Jacket 846,7480480.0,3.65,3,S,Unisex
Crewneck 847,4789920.0,3.75,3,M,Men
T-shirt 848,6134240.0,4.15,3,L,Women
Hoodie 849,7816160.0,3.55,3,XL,Unisex
Pants 850,4144160.0,4.25,3,XXL,Men
Jacket 852,2777280.0,4.15,3,M,Unisex
Crewneck 853,2643840.0,3.45,3,L,Men
T-shirt 854,1600000.0,4.55,3,XL,Women
Hoodie 855,3249760.0,5.05,3,XXL,Unisex
Outerwear 857,4532800.0,3.05,3,M,Women
Jacket 858,3748640.0,3.75,3,L,Unisex
Crewneck 859,6418560.0,3.05,3,XL,Men
T-shirt 860,2419360.0,4.75,3,XXL,Women
Pants 862,4131359.9999999995,3.35,3,M,Men
Outerwear 863,1071360.0,4.05,3,L,Women
Jacket 864,2168000.0,4.55,3,XL,Unisex
Crewneck 865,6805120.0,3.95,3,XXL,Men
T-shirt 866,2399040.0,3.25,3,S,Women
Hoodie 867,1303840.0,3.35,3,M,Unisex
Pants 868,7473760.0,4.65,3,L,Men
Outerwear 869,6040320.0,4.55,3,XL,Women
Jacket 870,6395040.0,3.55,3,XXL,Unisex
T-shirt 872,1343680.0,4.35,3,M,Women
Hoodie 873,8321600.0,4.85,3,L,Unisex
Pants 874,2755200.0,4.45,3,XL,Men
Outerwear 875,2506720.0,4.65,3,XXL,Women
Jacket 876,3225760.0,4.65,3,S,Unisex
Crewneck 877,4552640.0,4.65,3,M,Men
T-shirt 878,4809760.0,4.75,3,L,Women
Hoodie 879,1026880.0000000001,3.15,3,XL,Unisex
Pants 880,6497760.0,4.35,3,XXL,Men
Jacket 882,6420960.0,3.35,3,M,Unisex
Crewneck 883,5901120.0,3.65,3,L,Men
T-shirt 884,7414720.0,4.35,3,XL,Women
Hoodie 885,4760640.0,3.45,3,XXL,Unisex
Outerwear 887,7806400.0,3.85,3,M,Women
Jacket 888,7869280.0,4.25,3,L,Unisex
Crewneck 889,6333920.0,4.65,3,XL,Men
T-shirt 890,6439040.0,4.75,3,XXL,Women
Pants 892,8515360.0,4.45,3,M,Men
Outerwear 893,2673600.0,3.25,3,L,Women
Jacket 894,2946560.0,4.85,3,XL,Unisex
Crewneck 895,1126720.0,4.35,3,XXL,Men
T-shirt 896,7873760.0,4.95,3,S,Women
Hoodie 897,6077920.0,3.15,3,M,Unisex
Pants 898,8408640.0,4.15,3,L,Men
Outerwear 899,6192960.0,4.85,3,XL,Women
Jacket 900,7214240.0,3.35,3,XXL,Unisex
T-shirt 902,3164000.0,3.65,3,M,Women
Hoodie 903,2617920.0,4.15,3,L,Unisex
Pants 904,3356320.0,3.95,3,XL,Men
Outerwear 905,5027840.0,4.95,3,XXL,Women
Jacket 906,4301760.0,3.95,3,S,Unisex
Crewneck 907,8732640.0,4.95,3,M,Men
T-shirt 908,7954880.0,4.25,3,L,Women
Hoodie 909,8383840.0,3.65,3,XL,Unisex
Pants 910,2395200.0,4.75,3,XXL,Men
Jacket 912,7853280.0,4.95,3,M,Unisex
Crewneck 913,3222240.0,3.55,3,L,Men
T-shirt 914,5799200.0,4.65,3,XL,Women
Hoodie 915,2649120.0,4.25,3,XXL,Unisex
Outerwear 917,6061600.0,4.05,3,M,Women
Jacket 918,5380800.0,3.35,3,L,Unisex
Crewneck 919,8364000.0,4.75,3,XL,Men
T-shirt 920,3706080.0,3.25,3,XXL,Women
Pants 922,1210880.0,4.45,3,M,Men
Outerwear 923,2435840.0,3.75,3,L,Women
Jacket 924,3764320.0,3.85,3,XL,Unisex
Crewneck 925,7900800.0,4.55,3,XXL,Men
T-shirt 926,1911040.0,4.65,3,S,Women
Hoodie 927,7706400.0,3.55,3,M,Unisex
Pants 928,3911680.0,3.45,3,L,Men
Outerwear 929,1253440.0,3.35,3,XL,Women
Jacket 930,1741120.0,4.95,3,XXL,Unisex
T-shirt 932,5937600.0,4.25,3,M,Women
Hoodie 933,4960800.0,3.45,3,L,Unisex
Pants 934,2248160.0,3.65,3,XL,Men
Outerwear 935,6048000.0,4.15,3,XXL,Women
Jacket 936,6165440.0,3.15,3,S,Unisex
Crewneck 937,2475360.0,4.15,3,M,Men
T-shirt 938,4058400.0,3.65,3,L,Women
Hoodie 939,4466080.0,4.85,3,XL,Unisex
Pants 940,5776000.0,3.75,3,XXL,Men
Jacket 942,7972960.0,3.05,3,M,Unisex
Crewneck 943,4571040.0,4.45,3,L,Men
T-shirt 944,1578240.0,4.65,3,XL,Women
Hoodie 945,2107680.0,4.25,3,XXL,Unisex
Outerwear 947,7079680.0,4.65,3,M,Women
Jacket 948,4600480.0,3.95,3,L,Unisex
Crewneck 949,1844320.0,4.45,3,XL,Men
T-shirt 950,7691680.0,4.95,3,XXL,Women
Pants 952,7155040.0,3.75,3,M,Men
Outerwear 953,8423200.0,3.85,3,L,Women
Jacket 954,3878720.0,4.15,3,XL,Unisex
Crewneck 955,7006560.0,4.75,3,XXL,Men
T-shirt 956,4457600.0,3.15,3,S,Women
Hoodie 957,4024320.0,4.45,3,M,Unisex
Pants 958,3946240.0,4.85,3,L,Men
Outerwear 959,6828480.0,4.65,3,XL,Women
Jacket 960,5840160.0,4.55,3,XXL,Unisex
T-shirt 962,2887840.0,4.15,3,M,Women
Hoodie 963,7916160.0,4.65,3,L,Unisex
Pants 964,3885280.0,3.35,3,XL,Men
Outerwear 965,3107200.0,4.55,3,XXL,Women
Jacket 966,8499520.0,4.95,3,S,Unisex
Crewneck 967,1744000.0,3.55,3,M,Men
T-shirt 968,4045120.0,4.45,3,L,Women
Hoodie 969,4231840.0,3.85,3,XL,Unisex
Pants 970,952960.0,4.65,3,XXL,Men
Jacket 972,7272000.0,4.45,3,M,Unisex
Crewneck 973,7134400.0,3.95,3,L,Men
T-shirt 974,4769280.0,3.05,3,XL,Women
Hoodie 975,4816000.0,3.65,3,XXL,Unisex
Outerwear 977,3356000.0,3.65,3,M,Women
Jacket 978,3918240.0,3.65,3,L,Unisex
Crewneck 979,4848480.0,3.45,3,XL,Men
T-shirt 980,6544000.0,3.15,3,XXL,Women
Pants 982,7281760.0,4.95,3,M,Men
Outerwear 983,5762560.0,3.25,3,L,Women
Jacket 984,7349440.0,3.85,3,XL,Unisex
Crewneck 985,6236000.0,4.35,3,XXL,Men
T-shirt 986,6713760.0,4.55,3,S,Women
Hoodie 987,4008000.0,4.75,3,M,Unisex
Pants 988,2054239.9999999998,3.55,3,L,Men
Outerwear 989,6869440.0,4.25,3,XL,Women
Jacket 990,3327360.0,4.25,3,XXL,Unisex
T-shirt 992,4840480.0,4.95,3,M,Women
Hoodie 993,6361920.0,3.45,3,L,Unisex
Pants 994,1693760.0,4.45,3,XL,Men
Outerwear 995,8046720.0,3.25,3,XXL,Women
Jacket 996,6942400.0,4.35,3,S,Unisex
Crewneck 997,5321280.0,3.95,3,M,Men
T-shirt 998,908000.0,4.25,3,L,Women
Hoodie 999,8534240.0,4.85,3,XL,Unisex
Pants 1000,2938240.0,4.75,3,XXL,Men
